{
	"eta1": {
		"improvement": {
			"Standard": 0.0,
			"PFN": 67.87846684455872,
			"ParticleNet": 68.11031401157379,
			"PFN-Lite": 71.8539297580719,
			"ParticleNet-Lite": 67.33024418354034
		},
		"median": {
			"Standard": {
				"u": 1.0162944793701172,
				"d": 1.0171782970428467,
				"s": 1.0035940408706665,
				"c": 0.9971989989280701,
				"b": 0.9941905736923218,
				"g": 0.9880646467208862
			},
			"PFN": {
				"u": 1.0055341720581055,
				"d": 1.004699468612671,
				"s": 0.9989100098609924,
				"c": 1.0000133514404297,
				"b": 0.9975017309188843,
				"g": 0.9962831139564514
			},
			"ParticleNet": {
				"u": 1.0052685737609863,
				"d": 1.004730224609375,
				"s": 0.9978393912315369,
				"c": 1.0000667572021484,
				"b": 0.998106837272644,
				"g": 0.9964258670806885
			},
			"PFN-Lite": {
				"u": 1.0045849084854126,
				"d": 1.003764271736145,
				"s": 0.9972624182701111,
				"c": 1.0001285076141357,
				"b": 0.9985102415084839,
				"g": 0.9964893460273743
			},
			"ParticleNet-Lite": {
				"u": 1.0051544904708862,
				"d": 1.0044646263122559,
				"s": 0.9970875978469849,
				"c": 0.9996553063392639,
				"b": 0.9983335137367249,
				"g": 0.995928943157196
			}
		},
		"median_error": {
			"Standard": {
				"u": 0.00013704800221603364,
				"d": 0.00012632858124561608,
				"s": 0.00038627019966952503,
				"c": 0.00011498378444230184,
				"b": 0.00016369922377634794,
				"g": 8.462672121822834e-05
			},
			"PFN": {
				"u": 0.00014286827354226261,
				"d": 9.654415771365166e-05,
				"s": 0.00028872807160951197,
				"c": 0.00010970287257805467,
				"b": 0.00013463788491208106,
				"g": 9.421123831998557e-05
			},
			"ParticleNet": {
				"u": 0.0001501092192484066,
				"d": 0.00012906885240226984,
				"s": 0.00025496777379885316,
				"c": 8.427975262748078e-05,
				"b": 9.861875150818378e-05,
				"g": 9.043519094120711e-05
			},
			"PFN-Lite": {
				"u": 0.00017621094593778253,
				"d": 7.713168452028185e-05,
				"s": 0.00028461942565627396,
				"c": 0.0001270653447136283,
				"b": 0.00011511381308082491,
				"g": 8.427630382357165e-05
			},
			"ParticleNet-Lite": {
				"u": 0.00017008894064929336,
				"d": 0.0001147892398876138,
				"s": 0.0003041560994461179,
				"c": 0.00013712990039493889,
				"b": 0.00011153977538924664,
				"g": 7.710361387580633e-05
			}
		}
	},
	"eta2": {
		"improvement": {
			"Standard": 0.0,
			"PFN": 28.517228364944458,
			"ParticleNet": 30.255603790283203,
			"PFN-Lite": 29.201626777648926,
			"ParticleNet-Lite": 30.649524927139282
		},
		"median": {
			"Standard": {
				"u": 1.0326249599456787,
				"d": 1.0302059650421143,
				"s": 1.0322853326797485,
				"c": 0.9971147775650024,
				"b": 0.9777362942695618,
				"g": 0.9780025482177734
			},
			"PFN": {
				"u": 1.0137619972229004,
				"d": 1.012252688407898,
				"s": 1.0124578475952148,
				"c": 0.9873162508010864,
				"b": 0.975579023361206,
				"g": 0.9738839864730835
			},
			"ParticleNet": {
				"u": 1.0112314224243164,
				"d": 1.009013056755066,
				"s": 1.0102077722549438,
				"c": 0.9848046898841858,
				"b": 0.9742316007614136,
				"g": 0.9721957445144653
			},
			"PFN-Lite": {
				"u": 1.0087745189666748,
				"d": 1.0050851106643677,
				"s": 1.009096384048462,
				"c": 0.9820708632469177,
				"b": 0.9707170724868774,
				"g": 0.969448447227478
			},
			"ParticleNet-Lite": {
				"u": 1.0092381238937378,
				"d": 1.0067089796066284,
				"s": 1.0118449926376343,
				"c": 0.9841946959495544,
				"b": 0.9729504585266113,
				"g": 0.9719871282577515
			}
		},
		"median_error": {
			"Standard": {
				"u": 0.0011821399675682187,
				"d": 0.0009001402067951858,
				"s": 0.0027059377171099186,
				"c": 0.0011044174898415804,
				"b": 0.0014292866690084338,
				"g": 0.0008170438231900334
			},
			"PFN": {
				"u": 0.0011468154843896627,
				"d": 0.0008179940050467849,
				"s": 0.0018691278528422117,
				"c": 0.0006258392822928727,
				"b": 0.0009524652268737555,
				"g": 0.0007939259521663189
			},
			"ParticleNet": {
				"u": 0.0007183602428995073,
				"d": 0.0006356791709549725,
				"s": 0.0025847640354186296,
				"c": 0.0010722485603764653,
				"b": 0.0011520929401740432,
				"g": 0.0005268464446999133
			},
			"PFN-Lite": {
				"u": 0.001285120495595038,
				"d": 0.0007389784441329539,
				"s": 0.003176300087943673,
				"c": 0.0007938340422697365,
				"b": 0.001047578640282154,
				"g": 0.0006763815181329846
			},
			"ParticleNet-Lite": {
				"u": 0.0012808722676709294,
				"d": 0.0010118765057995915,
				"s": 0.0025652614422142506,
				"c": 0.0009127574157901108,
				"b": 0.000914235832169652,
				"g": 0.0007706807809881866
			}
		}
	}
}